transaction_id,sender_account_id,receiver_account_id,amount,currency,transaction_type,timestamp
TX_7AE8B7100C,ACC_1004,ACC_1032,477.81,USD,TRANSFER,2026-08-24T03:15:25.309078
TX_6575442191,ACC_1019,ACC_1032,421.18,USD,TRANSFER,2026-09-01T21:38:25.309078
TX_DB6CF2B5AC,ACC_1004,ACC_1042,524.58,USD,TRANSFER,2026-08-18T08:04:25.309078
TX_2B2DE8AB46,ACC_1026,ACC_1021,7603.73,USD,TRANSFER,2026-09-07T06:47:25.309078
TX_62298B1A7F,ACC_1037,ACC_1049,412.69,USD,TRANSFER,2026-08-18T16:16:25.309078
TX_21CA9B6D88,ACC_1027,ACC_1015,514.07,USD,TRANSFER,2026-08-17T08:21:25.309078
TX_EE394A2C05,ACC_1037,ACC_1011,620.63,USD,TRANSFER,2026-09-10T00:39:25.309078
TX_90A669B9DB,ACC_1010,ACC_1029,558.26,USD,TRANSFER,2026-09-08T01:50:25.309078
TX_5B8BB4C5D6,ACC_1048,ACC_1008,2993.93,USD,TRANSFER,2026-08-26T20:01:25.309078
TX_B22FC679C9,ACC_1024,ACC_1011,799.18,USD,TRANSFER,2026-09-04T05:41:25.309078
TX_669233243B,ACC_1042,ACC_1045,348.62,USD,TRANSFER,2026-08-18T04:47:25.309078
TX_891AA161D2,ACC_1024,ACC_1038,174.43,USD,TRANSFER,2026-09-14T18:08:25.309078
TX_B24B373A69,ACC_1012,ACC_1011,355.88,USD,TRANSFER,2026-08-22T11:47:25.309078
TX_7EF1AF5BBF,ACC_1027,ACC_1032,488.46,USD,TRANSFER,2026-08-29T05:53:25.309078
TX_EA4C1391EB,ACC_1016,ACC_1000,4490.16,USD,TRANSFER,2026-09-09T20:39:25.309078
TX_B49B97DF1C,ACC_1025,ACC_1041,710.58,USD,TRANSFER,2026-08-29T00:52:25.309078
TX_95D1195BCC,ACC_1001,ACC_1014,231.76,USD,TRANSFER,2026-08-28T01:44:25.309078
TX_D607AC0E4B,ACC_1025,ACC_1038,146.75,USD,TRANSFER,2026-08-25T01:03:25.309078
TX_52ED50CFED,ACC_1043,ACC_1047,204.96,USD,TRANSFER,2026-09-02T08:09:25.309078
TX_DD42388D00,ACC_1010,ACC_1001,607.04,USD,TRANSFER,2026-08-24T18:49:25.309078
TX_D2E2358371,ACC_1009,ACC_1041,5394.45,USD,TRANSFER,2026-08-29T15:06:25.309078
TX_E23DE03913,ACC_1025,ACC_1037,164.57,USD,TRANSFER,2026-08-24T07:00:25.309078
TX_F56A0767C0,ACC_1007,ACC_1018,468.33,USD,TRANSFER,2026-09-09T08:22:25.309078
TX_C7B001E19C,ACC_1026,ACC_1008,3053.03,USD,TRANSFER,2026-09-02T14:14:25.309078
TX_6B55AC4DFA,ACC_1023,ACC_1022,5332.27,USD,TRANSFER,2026-09-14T17:11:25.309078
TX_5EF2139D12,ACC_1042,ACC_1000,6413.0,USD,TRANSFER,2026-08-25T08:16:25.309078
TX_A4591ED07D,ACC_1021,ACC_1033,36.35,USD,TRANSFER,2026-09-05T10:50:25.309078
TX_6EF7F35AFA,ACC_1013,ACC_1008,2475.5,USD,TRANSFER,2026-09-01T18:45:25.309078
TX_DF3BCBB879,ACC_1047,ACC_1012,557.13,USD,TRANSFER,2026-08-22T05:33:25.309078
TX_C873FA2457,ACC_1010,ACC_1019,202.05,USD,TRANSFER,2026-09-13T19:25:25.309078
TX_1AA6EBEEED,ACC_1013,ACC_1008,108.09,USD,TRANSFER,2026-08-27T02:09:25.309078
TX_535ED543D4,ACC_1025,ACC_1036,449.99,USD,TRANSFER,2026-09-11T02:20:25.309078
TX_85245D6FA4,ACC_1010,ACC_1044,424.63,USD,TRANSFER,2026-09-14T02:30:25.309078
TX_D1992D4D5E,ACC_1009,ACC_1038,389.48,USD,TRANSFER,2026-08-30T05:55:25.309078
TX_6155D9C64E,ACC_1022,ACC_1005,678.27,USD,TRANSFER,2026-08-17T05:27:25.309078
TX_E645DF0D20,ACC_1042,ACC_1014,277.43,USD,TRANSFER,2026-08-30T18:03:25.309078
TX_EE3BF46472,ACC_1041,ACC_1022,2481.81,USD,TRANSFER,2026-08-20T21:33:25.309078
TX_41DEBEEB13,ACC_1036,ACC_1021,197.15,USD,TRANSFER,2026-08-26T15:18:25.309078
TX_20D05A8D89,ACC_1029,ACC_1041,5115.66,USD,TRANSFER,2026-08-25T22:46:25.309078
TX_8AC7AFB046,ACC_1009,ACC_1025,700.26,USD,TRANSFER,2026-09-12T12:56:25.309078
TX_3336F4ADF0,ACC_1031,ACC_1007,288.48,USD,TRANSFER,2026-08-21T01:27:25.309078
TX_D043635C89,ACC_1030,ACC_1042,745.51,USD,TRANSFER,2026-08-23T18:20:25.309078
TX_70A6D6770C,ACC_1049,ACC_1046,693.6,USD,TRANSFER,2026-09-12T09:22:25.309078
TX_50819B61BD,ACC_1007,ACC_1022,311.99,USD,TRANSFER,2026-08-21T14:00:25.309078
TX_A3E584674F,ACC_1017,ACC_1046,463.67,USD,TRANSFER,2026-08-19T11:01:25.309078
TX_142D5AB3B6,ACC_1049,ACC_1007,140.51,USD,TRANSFER,2026-09-04T15:07:25.309078
TX_71170C1C22,ACC_1000,ACC_1038,610.77,USD,TRANSFER,2026-09-10T17:13:25.309078
TX_EC5486CB9D,ACC_1011,ACC_1021,3814.97,USD,TRANSFER,2026-09-11T02:40:25.309078
TX_3A8824A755,ACC_1045,ACC_1010,519.02,USD,TRANSFER,2026-08-19T03:22:25.309078
TX_9A1B2E5900,ACC_1030,ACC_1024,348.92,USD,TRANSFER,2026-09-01T02:12:25.309078
TX_13D61AB488,ACC_1024,ACC_1021,2901.05,USD,TRANSFER,2026-08-27T03:58:25.309078
TX_DDBD606E75,ACC_1028,ACC_1020,293.37,USD,TRANSFER,2026-09-04T13:38:25.309078
TX_E31A640BFA,ACC_1024,ACC_1000,447.38,USD,TRANSFER,2026-09-04T02:06:25.309078
TX_91D0559149,ACC_1032,ACC_1021,620.75,USD,TRANSFER,2026-08-28T11:41:25.309078
TX_43B19ED543,ACC_1018,ACC_1000,3971.12,USD,TRANSFER,2026-09-11T08:21:25.309078
TX_18AB591DF1,ACC_1028,ACC_1023,538.37,USD,TRANSFER,2026-08-21T08:24:25.309078
TX_FB191F652A,ACC_1016,ACC_1047,178.54,USD,TRANSFER,2026-08-24T22:19:25.309078
TX_47828CA646,ACC_1027,ACC_1010,741.04,USD,TRANSFER,2026-08-20T17:49:25.309078
TX_FA44535AA5,ACC_1044,ACC_1046,546.91,USD,TRANSFER,2026-09-08T01:55:25.309078
TX_CBE8F3CB1B,ACC_1041,ACC_1009,374.63,USD,TRANSFER,2026-09-08T17:49:25.309078
TX_2BDF0AB029,ACC_1033,ACC_1005,403.15,USD,TRANSFER,2026-08-22T04:17:25.309078
TX_F3BE11E33B,ACC_1031,ACC_1029,305.14,USD,TRANSFER,2026-09-13T20:43:25.309078
TX_BBCB371539,ACC_1016,ACC_1007,651.21,USD,TRANSFER,2026-09-10T11:52:25.309078
TX_B9B4A00211,ACC_1012,ACC_1021,7804.12,USD,TRANSFER,2026-08-23T18:19:25.309078
TX_E38C6F39A1,ACC_1021,ACC_1022,5465.8,USD,TRANSFER,2026-08-22T08:40:25.309078
TX_6B08351FE4,ACC_1016,ACC_1041,7136.77,USD,TRANSFER,2026-08-15T20:53:25.309078
TX_E19E038779,ACC_1041,ACC_1048,594.99,USD,TRANSFER,2026-09-06T14:10:25.309078
TX_8248739785,ACC_1018,ACC_1026,369.55,USD,TRANSFER,2026-08-19T17:20:25.309078
TX_E38E4F1075,ACC_1048,ACC_1001,784.2,USD,TRANSFER,2026-08-21T18:14:25.309078
TX_90CE074C4F,ACC_1021,ACC_1047,184.07,USD,TRANSFER,2026-09-02T20:02:25.309078
TX_D10767E91C,ACC_1017,ACC_1009,531.45,USD,TRANSFER,2026-08-18T14:40:25.309078
TX_A6A6C57509,ACC_1035,ACC_1040,186.57,USD,TRANSFER,2026-09-11T11:20:25.309078
TX_CFC114D3B2,ACC_1038,ACC_1041,2651.0,USD,TRANSFER,2026-09-01T12:27:25.309078
TX_D27D184032,ACC_1017,ACC_1022,3077.14,USD,TRANSFER,2026-09-02T19:49:25.309078
TX_C2EF96147A,ACC_1000,ACC_1031,91.21,USD,TRANSFER,2026-09-06T13:09:25.309078
TX_A45C1722F0,ACC_1039,ACC_1021,4558.39,USD,TRANSFER,2026-09-13T19:54:25.309078
TX_E31CBE993F,ACC_1012,ACC_1008,7668.16,USD,TRANSFER,2026-08-25T23:11:25.309078
TX_E19EBC5339,ACC_1004,ACC_1017,220.07,USD,TRANSFER,2026-08-26T17:57:25.309078
TX_92828886B3,ACC_1033,ACC_1000,5264.26,USD,TRANSFER,2026-08-29T02:15:25.309078
TX_16091FC6AC,ACC_1021,ACC_1041,6106.31,USD,TRANSFER,2026-08-28T16:45:25.309078
TX_6482689C3D,ACC_1006,ACC_1011,648.09,USD,TRANSFER,2026-08-22T11:06:25.309078
TX_2F3E5C9F6A,ACC_1005,ACC_1034,59.95,USD,TRANSFER,2026-09-03T07:51:25.309078
TX_9A42A59394,ACC_1024,ACC_1007,314.83,USD,TRANSFER,2026-08-25T02:34:25.309078
TX_CD85DB0D82,ACC_1037,ACC_1008,5673.51,USD,TRANSFER,2026-08-17T06:34:25.309078
TX_28D3C5E46C,ACC_1000,ACC_1012,322.45,USD,TRANSFER,2026-08-20T14:58:25.309078
TX_4705806583,ACC_1018,ACC_1000,4692.57,USD,TRANSFER,2026-08-16T18:08:25.309078
TX_ADF0A39BC4,ACC_1004,ACC_1018,707.94,USD,TRANSFER,2026-08-26T10:48:25.309078
TX_A09A0F19FA,ACC_1024,ACC_1008,64.17,USD,TRANSFER,2026-08-26T07:25:25.309078
TX_6A38A52BED,ACC_1034,ACC_1022,655.81,USD,TRANSFER,2026-09-02T04:29:25.309078
TX_7BE16AE104,ACC_1046,ACC_1022,2682.7,USD,TRANSFER,2026-09-14T08:04:25.309078
TX_9FB69A88FD,ACC_1007,ACC_1013,165.82,USD,TRANSFER,2026-09-11T03:49:25.309078
TX_BE51B98A63,ACC_1001,ACC_1045,81.69,USD,TRANSFER,2026-09-09T03:29:25.309078
TX_B300D64A01,ACC_1013,ACC_1040,174.3,USD,TRANSFER,2026-08-31T22:44:25.309078
TX_AA9722CC98,ACC_1048,ACC_1044,47.66,USD,TRANSFER,2026-08-24T02:50:25.309078
TX_3079F895D7,ACC_1036,ACC_1010,795.32,USD,TRANSFER,2026-09-07T02:57:25.309078
TX_FCF54410F5,ACC_1006,ACC_1022,5336.61,USD,TRANSFER,2026-08-31T11:25:25.309078
TX_AC680B2790,ACC_1042,ACC_1035,579.33,USD,TRANSFER,2026-09-08T01:10:25.309078
TX_852B6F908D,ACC_1032,ACC_1018,116.7,USD,TRANSFER,2026-09-12T21:09:25.309078
TX_07899407E5,ACC_1026,ACC_1008,6689.93,USD,TRANSFER,2026-08-23T18:07:25.309078
TX_7FFD7FFEFD,ACC_1017,ACC_1047,409.35,USD,TRANSFER,2026-08-26T21:02:25.309078
TX_EB1D81D1B9,ACC_1023,ACC_1001,342.68,USD,TRANSFER,2026-09-06T22:00:25.309078
TX_7138A9EC78,ACC_1003,ACC_1029,582.33,USD,TRANSFER,2026-09-07T19:40:25.309078
TX_FDC2A52B9B,ACC_1004,ACC_1044,795.18,USD,TRANSFER,2026-08-31T13:07:25.309078
TX_B41DEEDF2E,ACC_1014,ACC_1000,2455.84,USD,TRANSFER,2026-08-21T07:40:25.309078
TX_E28A087128,ACC_1040,ACC_1049,622.76,USD,TRANSFER,2026-08-29T21:27:25.309078
TX_8019B58BF2,ACC_1039,ACC_1010,470.59,USD,TRANSFER,2026-08-28T15:12:25.309078
TX_51751DD7D6,ACC_1048,ACC_1014,510.4,USD,TRANSFER,2026-08-22T22:15:25.309078
TX_30408FB31E,ACC_1049,ACC_1037,212.29,USD,TRANSFER,2026-09-01T16:47:25.309078
TX_71A9EE36CE,ACC_1028,ACC_1049,240.23,USD,TRANSFER,2026-08-30T05:09:25.309078
TX_E977193E87,ACC_1042,ACC_1034,755.62,USD,TRANSFER,2026-09-12T10:51:25.309078
TX_7174DB39E5,ACC_1003,ACC_1049,624.78,USD,TRANSFER,2026-08-30T04:54:25.309078
TX_5F53A0542B,ACC_1044,ACC_1022,533.49,USD,TRANSFER,2026-08-28T05:44:25.309078
TX_A4F0C43443,ACC_1001,ACC_1003,774.62,USD,TRANSFER,2026-09-03T17:12:25.309078
TX_CEFDA685DF,ACC_1004,ACC_1022,6001.98,USD,TRANSFER,2026-08-31T20:36:25.309078
TX_E1B5845DCD,ACC_1005,ACC_1042,180.17,USD,TRANSFER,2026-09-01T17:40:25.309078
TX_0848EB74DC,ACC_1024,ACC_1022,2399.02,USD,TRANSFER,2026-08-29T16:56:25.309078
TX_8EC9A14938,ACC_1048,ACC_1033,238.76,USD,TRANSFER,2026-08-26T10:31:25.309078
TX_1B846BE43D,ACC_1036,ACC_1010,322.57,USD,TRANSFER,2026-08-19T21:48:25.309078
TX_1AC2242ACB,ACC_1002,ACC_1000,4264.52,USD,TRANSFER,2026-09-13T22:57:25.309078
TX_EC9456B0BC,ACC_1017,ACC_1042,767.89,USD,TRANSFER,2026-09-11T14:48:25.309078
TX_91D9FA2010,ACC_1028,ACC_1040,84.29,USD,TRANSFER,2026-09-02T11:00:25.309078
TX_31866D33D0,ACC_1029,ACC_1021,2512.33,USD,TRANSFER,2026-08-31T19:50:25.309078
TX_9BCDB27DB5,ACC_1000,ACC_1044,252.54,USD,TRANSFER,2026-09-12T00:19:25.309078
TX_5D66909446,ACC_1018,ACC_1037,242.27,USD,TRANSFER,2026-08-29T06:38:25.309078
TX_38DB5E2DD6,ACC_1005,ACC_1047,299.66,USD,TRANSFER,2026-08-26T13:06:25.309078
TX_2BA283B5D9,ACC_1008,ACC_1017,690.52,USD,TRANSFER,2026-09-09T14:32:25.309078
TX_D58C1C6DAE,ACC_1010,ACC_1019,455.74,USD,TRANSFER,2026-08-27T06:19:25.309078
TX_27500499EE,ACC_1030,ACC_1028,275.74,USD,TRANSFER,2026-09-02T16:22:25.309078
TX_95402ED355,ACC_1038,ACC_1041,6260.02,USD,TRANSFER,2026-08-29T03:37:25.309078
TX_28B44B964E,ACC_1028,ACC_1036,758.18,USD,TRANSFER,2026-08-31T17:10:25.309078
TX_018C61B00B,ACC_1039,ACC_1024,463.02,USD,TRANSFER,2026-08-19T08:12:25.309078
TX_178A424A18,ACC_1045,ACC_1049,374.34,USD,TRANSFER,2026-08-26T11:12:25.309078
TX_D455FBD3E1,ACC_1043,ACC_1022,3056.39,USD,TRANSFER,2026-08-24T01:00:25.309078
TX_85AC4A4DD4,ACC_1036,ACC_1046,587.12,USD,TRANSFER,2026-09-13T17:10:25.309078
TX_71F33B846D,ACC_1037,ACC_1048,287.66,USD,TRANSFER,2026-09-08T15:44:25.309078
TX_1A01A2949D,ACC_1015,ACC_1039,279.46,USD,TRANSFER,2026-09-12T18:55:25.309078
TX_D4386AB0E6,ACC_1000,ACC_1047,356.2,USD,TRANSFER,2026-08-31T06:44:25.309078
TX_405218E026,ACC_1038,ACC_1024,145.11,USD,TRANSFER,2026-09-13T04:38:25.309078
TX_67132BCB97,ACC_1019,ACC_1035,468.58,USD,TRANSFER,2026-08-29T00:23:25.309078
TX_CD4E4ADBF8,ACC_1024,ACC_1017,736.89,USD,TRANSFER,2026-09-07T00:38:25.309078
TX_2C66F14371,ACC_1035,ACC_1019,216.23,USD,TRANSFER,2026-08-20T10:37:25.309078
TX_DB82BBF78B,ACC_1032,ACC_1022,3493.19,USD,TRANSFER,2026-09-05T04:42:25.309078
TX_D2FE41DD84,ACC_1016,ACC_1000,4020.03,USD,TRANSFER,2026-08-18T19:00:25.309078
TX_1CED8DA84C,ACC_1033,ACC_1042,334.61,USD,TRANSFER,2026-09-02T07:43:25.309078
TX_230B305F07,ACC_1039,ACC_1020,720.3,USD,TRANSFER,2026-08-16T09:49:25.309078
TX_75760CF568,ACC_1046,ACC_1014,141.54,USD,TRANSFER,2026-09-09T23:41:25.309078
TX_F3BAC6F2CE,ACC_1021,ACC_1017,678.84,USD,TRANSFER,2026-09-14T17:07:25.309078
TX_E6BB87397E,ACC_1048,ACC_1004,95.54,USD,TRANSFER,2026-08-27T14:24:25.309078
TX_1EDD3681F9,ACC_1006,ACC_1045,180.09,USD,TRANSFER,2026-08-21T01:36:25.309078
TX_3565AF3661,ACC_1026,ACC_1041,3993.73,USD,TRANSFER,2026-08-23T03:44:25.309078
TX_9536F52122,ACC_1002,ACC_1038,161.77,USD,TRANSFER,2026-08-26T03:50:25.309078
TX_CCFFEAC63B,ACC_1000,ACC_1022,581.98,USD,TRANSFER,2026-08-30T02:37:25.309078
TX_7A299FCE4D,ACC_1040,ACC_1004,411.46,USD,TRANSFER,2026-08-18T14:16:25.309078
TX_469D76A946,ACC_1024,ACC_1042,239.72,USD,TRANSFER,2026-08-18T13:22:25.309078
TX_8115091119,ACC_1012,ACC_1005,349.41,USD,TRANSFER,2026-09-10T14:52:25.309078
TX_1A2B52BC0A,ACC_1007,ACC_1022,7621.38,USD,TRANSFER,2026-09-09T22:23:25.309078
TX_DDC9AD63F3,ACC_1034,ACC_1023,483.99,USD,TRANSFER,2026-09-05T12:06:25.309078
TX_34B8514DC2,ACC_1025,ACC_1003,187.54,USD,TRANSFER,2026-08-28T16:26:25.309078
TX_ACDCE64ED2,ACC_1013,ACC_1012,408.57,USD,TRANSFER,2026-08-27T17:42:25.309078
TX_85E0646C58,ACC_1009,ACC_1028,313.0,USD,TRANSFER,2026-09-04T08:16:25.309078
TX_94348FBE4E,ACC_1021,ACC_1000,215.12,USD,TRANSFER,2026-09-06T05:36:25.309078
TX_FCEFAF3C33,ACC_1042,ACC_1041,3882.18,USD,TRANSFER,2026-09-11T04:53:25.309078
TX_59B891BA79,ACC_1044,ACC_1048,691.58,USD,TRANSFER,2026-08-24T15:03:25.309078
TX_7777997E80,ACC_1046,ACC_1023,465.34,USD,TRANSFER,2026-08-21T04:25:25.309078
TX_94676F4A7F,ACC_1047,ACC_1042,432.24,USD,TRANSFER,2026-08-31T12:27:25.309078
TX_5BF3610226,ACC_1026,ACC_1000,8827.64,USD,TRANSFER,2026-09-07T01:45:25.309078
TX_8FBFED4AC4,ACC_1043,ACC_1000,583.58,USD,TRANSFER,2026-09-12T06:18:25.309078
TX_C35B624E10,ACC_1047,ACC_1044,171.0,USD,TRANSFER,2026-09-05T13:13:25.309078
TX_82D34429F3,ACC_1040,ACC_1047,527.88,USD,TRANSFER,2026-09-02T15:15:25.309078
TX_D49F81BF61,ACC_1046,ACC_1032,709.61,USD,TRANSFER,2026-09-03T20:53:25.309078
TX_C82FEBEC48,ACC_1021,ACC_1022,3619.62,USD,TRANSFER,2026-09-14T13:19:25.309078
TX_BF160BC2B4,ACC_1024,ACC_1020,735.19,USD,TRANSFER,2026-09-05T15:08:25.309078
TX_A84E347BE7,ACC_1030,ACC_1009,597.7,USD,TRANSFER,2026-09-03T17:25:25.309078
TX_6533B1DCFF,ACC_1027,ACC_1020,634.61,USD,TRANSFER,2026-09-07T08:23:25.309078
TX_089FEF1BD9,ACC_1030,ACC_1031,601.73,USD,TRANSFER,2026-08-22T16:59:25.309078
TX_7FD0F1621F,ACC_1040,ACC_1034,657.32,USD,TRANSFER,2026-09-03T09:55:25.309078
TX_6BA9965859,ACC_1019,ACC_1018,703.83,USD,TRANSFER,2026-08-25T11:53:25.309078
TX_9E390B25DE,ACC_1047,ACC_1000,7970.4,USD,TRANSFER,2026-08-31T20:18:25.309078
TX_22C02B1A30,ACC_1040,ACC_1000,5893.61,USD,TRANSFER,2026-08-22T21:27:25.309078
TX_92F0FF5F50,ACC_1004,ACC_1046,556.39,USD,TRANSFER,2026-08-29T15:09:25.309078
TX_A62786F3F9,ACC_1033,ACC_1021,570.41,USD,TRANSFER,2026-08-16T10:11:25.309078
TX_06B78B2917,ACC_1047,ACC_1030,284.97,USD,TRANSFER,2026-09-08T11:25:25.309078
TX_D30E6C3522,ACC_1022,ACC_1017,496.49,USD,TRANSFER,2026-08-23T10:27:25.309078
TX_E8A68A7015,ACC_1013,ACC_1043,769.68,USD,TRANSFER,2026-08-23T15:09:25.309078
TX_08E84B1D79,ACC_1026,ACC_1002,550.09,USD,TRANSFER,2026-09-03T09:59:25.309078
TX_6F3B996857,ACC_1035,ACC_1000,6839.42,USD,TRANSFER,2026-08-29T18:22:25.309078
TX_9A59435A0C,ACC_1047,ACC_1021,2042.76,USD,TRANSFER,2026-08-26T16:40:25.309078
TX_B6582E7B50,ACC_1032,ACC_1025,702.2,USD,TRANSFER,2026-09-05T09:21:25.309078
TX_4480508C82,ACC_1004,ACC_1022,8426.36,USD,TRANSFER,2026-08-23T09:15:25.309078
TX_58011F5C56,ACC_1018,ACC_1042,40.76,USD,TRANSFER,2026-09-10T18:26:25.309078
TX_3413D9236C,ACC_1043,ACC_1025,298.61,USD,TRANSFER,2026-08-17T07:14:25.309078
TX_99F1E032CB,ACC_1010,ACC_1002,106.66,USD,TRANSFER,2026-08-16T22:49:25.309078
TX_465E9C1B48,ACC_1021,ACC_1012,490.85,USD,TRANSFER,2026-08-18T04:19:25.309078
TX_8DE88FDE81,ACC_1000,ACC_1021,4075.1,USD,TRANSFER,2026-08-20T02:18:25.309078
TX_285280ECB0,ACC_1014,ACC_1000,7515.71,USD,TRANSFER,2026-09-07T22:59:25.309078
TX_638BBC7906,ACC_1016,ACC_1021,6845.23,USD,TRANSFER,2026-08-29T00:32:25.309078
TX_AC91926D44,ACC_1021,ACC_1009,699.94,USD,TRANSFER,2026-09-10T13:27:25.309078
TX_10B753AE0E,ACC_1015,ACC_1022,7380.13,USD,TRANSFER,2026-08-28T03:54:25.309078
TX_83BF8E0094,ACC_1030,ACC_1005,540.9,USD,TRANSFER,2026-08-28T19:01:25.309078
TX_791ABFD5B4,ACC_1025,ACC_1007,647.0,USD,TRANSFER,2026-09-02T09:33:25.309078
TX_8031E26664,ACC_1043,ACC_1028,24.69,USD,TRANSFER,2026-08-18T05:16:25.309078
TX_7BCD564066,ACC_1000,ACC_1022,135.96,USD,TRANSFER,2026-08-25T03:56:25.309078
TX_FBA1DE8177,ACC_1004,ACC_1038,68.0,USD,TRANSFER,2026-08-16T05:44:25.309078
TX_55093043C8,ACC_1015,ACC_1018,205.08,USD,TRANSFER,2026-08-29T09:36:25.309078
TX_6D31A0891A,ACC_1046,ACC_1000,5168.93,USD,TRANSFER,2026-09-09T22:42:25.309078
TX_F43EAACCA4,ACC_1009,ACC_1022,464.37,USD,TRANSFER,2026-09-03T19:28:25.309078
TX_1297EF4F3F,ACC_1005,ACC_1030,13.12,USD,TRANSFER,2026-09-09T16:57:25.309078
TX_9CD7A3583D,ACC_1007,ACC_1040,425.13,USD,TRANSFER,2026-08-16T20:44:25.309078
TX_C290D43D5F,ACC_1012,ACC_1022,9068.96,USD,TRANSFER,2026-08-18T10:11:25.309078
TX_2F7C3C2C76,ACC_1039,ACC_1043,519.67,USD,TRANSFER,2026-08-21T00:08:25.309078
TX_165E292271,ACC_1046,ACC_1033,743.72,USD,TRANSFER,2026-08-29T17:41:25.309078
TX_1EFE5AFB6C,ACC_1038,ACC_1008,7769.58,USD,TRANSFER,2026-08-28T03:04:25.309078
TX_C39461B445,ACC_1048,ACC_1008,9471.02,USD,TRANSFER,2026-08-27T20:35:25.309078
TX_99F126AF03,ACC_1039,ACC_1008,3649.86,USD,TRANSFER,2026-09-09T12:41:25.309078
TX_ED73F749FD,ACC_1033,ACC_1008,6257.11,USD,TRANSFER,2026-08-22T09:57:25.309078
TX_548EB3FA3A,ACC_1041,ACC_1037,663.03,USD,TRANSFER,2026-08-28T22:11:25.309078
TX_DE55EB54F8,ACC_1006,ACC_1008,15.81,USD,TRANSFER,2026-09-09T10:57:25.309078
TX_424853E411,ACC_1048,ACC_1008,4339.19,USD,TRANSFER,2026-09-05T04:23:25.309078
TX_C1F83996B7,ACC_1008,ACC_1036,213.35,USD,TRANSFER,2026-09-11T22:16:25.309078
TX_95DC9073C6,ACC_1030,ACC_1004,618.03,USD,TRANSFER,2026-09-12T19:42:25.309078
TX_79CA6212C8,ACC_1014,ACC_1008,4938.06,USD,TRANSFER,2026-08-29T20:04:25.309078
TX_CF2E2FAE4F,ACC_1010,ACC_1026,204.56,USD,TRANSFER,2026-09-07T21:45:25.309078
TX_097EDF53D6,ACC_1014,ACC_1041,5797.32,USD,TRANSFER,2026-09-06T22:09:25.309078
TX_688BFBBDB5,ACC_1033,ACC_1016,341.89,USD,TRANSFER,2026-08-25T07:28:25.309078
TX_B2E79489AA,ACC_1015,ACC_1046,95.88,USD,TRANSFER,2026-09-14T16:48:25.309078
TX_CEDE4B6072,ACC_1038,ACC_1040,152.3,USD,TRANSFER,2026-09-11T06:55:25.309078
TX_FAD4367EEC,ACC_1037,ACC_1021,4601.28,USD,TRANSFER,2026-08-28T14:10:25.309078
TX_A8346EE60C,ACC_1012,ACC_1031,707.57,USD,TRANSFER,2026-08-26T22:14:25.309078
TX_F7F86F9A1E,ACC_1007,ACC_1034,728.78,USD,TRANSFER,2026-09-12T18:59:25.309078
TX_BE01C689AB,ACC_1014,ACC_1007,457.8,USD,TRANSFER,2026-08-25T05:52:25.309078
TX_AC4BDAE1B3,ACC_1034,ACC_1022,7862.28,USD,TRANSFER,2026-08-20T19:54:25.309078
TX_18D04F2F2D,ACC_1043,ACC_1041,96.49,USD,TRANSFER,2026-08-19T05:45:25.309078
TX_0DBDB9ACDE,ACC_1017,ACC_1000,742.41,USD,TRANSFER,2026-09-13T01:08:25.309078
TX_C9184C37C2,ACC_1041,ACC_1022,2450.77,USD,TRANSFER,2026-09-12T18:23:25.309078
TX_B025635915,ACC_1042,ACC_1041,3636.24,USD,TRANSFER,2026-09-01T16:39:25.309078
TX_B17F828FD9,ACC_1028,ACC_1041,5665.48,USD,TRANSFER,2026-09-04T19:24:25.309078
TX_0CC0A1D256,ACC_1043,ACC_1045,264.13,USD,TRANSFER,2026-08-24T09:02:25.309078
TX_6C060D8B00,ACC_1027,ACC_1000,5709.69,USD,TRANSFER,2026-08-19T03:19:25.309078
TX_015539FD39,ACC_1023,ACC_1047,13.04,USD,TRANSFER,2026-08-16T18:38:25.309078
TX_0844E73078,ACC_1040,ACC_1029,333.17,USD,TRANSFER,2026-09-03T10:29:25.309078
TX_F862E6A93F,ACC_1046,ACC_1026,247.56,USD,TRANSFER,2026-09-08T18:46:25.309078
TX_2AAFAE5CD2,ACC_1014,ACC_1008,2788.87,USD,TRANSFER,2026-08-29T03:35:25.309078
TX_28BB89636D,ACC_1022,ACC_1021,4057.71,USD,TRANSFER,2026-08-18T05:31:25.309078
TX_64327C4766,ACC_1038,ACC_1012,260.15,USD,TRANSFER,2026-08-21T22:28:25.309078
TX_334F6B212A,ACC_1042,ACC_1021,3633.92,USD,TRANSFER,2026-08-30T16:08:25.309078
TX_82E5B1A1EF,ACC_1044,ACC_1018,517.19,USD,TRANSFER,2026-09-10T09:39:25.309078
TX_FE30B9BEB5,ACC_1048,ACC_1022,3514.45,USD,TRANSFER,2026-08-31T01:22:25.309078
TX_667D0DF7B2,ACC_1041,ACC_1010,462.55,USD,TRANSFER,2026-09-11T15:52:25.309078
TX_2EE54D2C58,ACC_1042,ACC_1022,3607.41,USD,TRANSFER,2026-08-22T20:43:25.309078
TX_0A3E7CC426,ACC_1024,ACC_1037,462.68,USD,TRANSFER,2026-09-05T11:34:25.309078
TX_EEB3A228B7,ACC_1038,ACC_1041,5828.18,USD,TRANSFER,2026-08-16T21:50:25.309078
TX_24679E0CCE,ACC_1023,ACC_1025,509.54,USD,TRANSFER,2026-08-19T09:41:25.309078
TX_EF2C7618DB,ACC_1005,ACC_1039,414.46,USD,TRANSFER,2026-09-01T07:49:25.309078
TX_F406012B55,ACC_1021,ACC_1032,90.92,USD,TRANSFER,2026-08-27T08:53:25.309078
TX_92A3C99F92,ACC_1005,ACC_1000,571.87,USD,TRANSFER,2026-09-13T06:55:25.309078
TX_C771F13F89,ACC_1003,ACC_1021,6524.97,USD,TRANSFER,2026-08-21T13:57:25.309078
TX_379FAAE9ED,ACC_1014,ACC_1043,787.82,USD,TRANSFER,2026-09-03T13:19:25.309078
TX_065390C110,ACC_1026,ACC_1004,743.69,USD,TRANSFER,2026-08-16T07:20:25.309078
TX_49826E51F1,ACC_1006,ACC_1030,761.76,USD,TRANSFER,2026-09-04T00:36:25.309078
TX_F767B9BC57,ACC_1000,ACC_1019,103.5,USD,TRANSFER,2026-08-30T06:45:25.309078
TX_744C87214F,ACC_1044,ACC_1011,717.77,USD,TRANSFER,2026-08-19T06:39:25.309078
TX_16B3382C25,ACC_1017,ACC_1040,616.34,USD,TRANSFER,2026-09-06T21:26:25.309078
TX_5A634747AE,ACC_1006,ACC_1036,110.16,USD,TRANSFER,2026-09-04T22:38:25.309078
TX_A6E0C57658,ACC_1049,ACC_1022,8775.7,USD,TRANSFER,2026-09-03T08:56:25.309078
TX_F0336D9A9B,ACC_1027,ACC_1021,9488.19,USD,TRANSFER,2026-09-13T20:44:25.309078
TX_96BCB365F5,ACC_1024,ACC_1021,3660.66,USD,TRANSFER,2026-09-05T02:58:25.309078
TX_956F6DD363,ACC_1045,ACC_1008,8305.14,USD,TRANSFER,2026-08-26T08:26:25.309078
TX_CD268F980D,ACC_1032,ACC_1008,89.07,USD,TRANSFER,2026-09-08T03:58:25.309078
TX_84FB8FA3F4,ACC_1005,ACC_1022,8997.96,USD,TRANSFER,2026-08-20T12:12:25.309078
TX_903C57AC42,ACC_1049,ACC_1008,21.28,USD,TRANSFER,2026-08-31T22:52:25.309078
TX_30A8EF53AC,ACC_1046,ACC_1017,420.98,USD,TRANSFER,2026-08-28T14:49:25.309078
TX_5E843CFEC1,ACC_1004,ACC_1022,257.98,USD,TRANSFER,2026-09-05T21:20:25.309078
TX_9922D4CD66,ACC_1025,ACC_1032,267.95,USD,TRANSFER,2026-08-29T10:18:25.309078
TX_FB0DBB9688,ACC_1020,ACC_1012,341.34,USD,TRANSFER,2026-08-22T13:47:25.309078
TX_8E46402C44,ACC_1037,ACC_1021,4779.4,USD,TRANSFER,2026-09-06T23:04:25.309078
TX_DE8B92251A,ACC_1023,ACC_1029,127.32,USD,TRANSFER,2026-09-11T19:24:25.309078
TX_BF98DEA1D0,ACC_1002,ACC_1022,7248.04,USD,TRANSFER,2026-08-29T12:28:25.309078
TX_7ECAD5D76B,ACC_1010,ACC_1037,272.82,USD,TRANSFER,2026-09-08T09:20:25.309078
TX_F962E9C747,ACC_1029,ACC_1036,315.01,USD,TRANSFER,2026-09-13T22:12:25.309078
TX_1AF224D0CC,ACC_1024,ACC_1021,8318.58,USD,TRANSFER,2026-08-22T11:56:25.309078
TX_2B573B0BE4,ACC_1017,ACC_1022,591.63,USD,TRANSFER,2026-09-14T19:04:25.309078
TX_4AC72BFCD2,ACC_1016,ACC_1049,329.85,USD,TRANSFER,2026-08-19T05:26:25.309078
TX_A9C56681C4,ACC_1002,ACC_1035,428.33,USD,TRANSFER,2026-09-11T03:58:25.309078
TX_ACC337AB5B,ACC_1029,ACC_1036,611.05,USD,TRANSFER,2026-09-06T21:51:25.309078
TX_10F0E36D18,ACC_1036,ACC_1008,277.13,USD,TRANSFER,2026-09-08T01:50:25.309078
TX_97A03121EC,ACC_1031,ACC_1008,6424.96,USD,TRANSFER,2026-09-01T02:30:25.309078
TX_9C0272AD00,ACC_1046,ACC_1022,4728.4,USD,TRANSFER,2026-09-05T06:16:25.309078
TX_B1F896306B,ACC_1048,ACC_1000,711.21,USD,TRANSFER,2026-09-07T06:37:25.309078
TX_6EB5BF2F05,ACC_1027,ACC_1043,237.91,USD,TRANSFER,2026-09-08T06:26:25.309078
TX_0536A6C181,ACC_1029,ACC_1000,2992.37,USD,TRANSFER,2026-09-01T00:38:25.309078
TX_B326E180D1,ACC_1022,ACC_1041,729.13,USD,TRANSFER,2026-08-18T12:02:25.309078
TX_0BFC2CEFB9,ACC_1007,ACC_1039,459.94,USD,TRANSFER,2026-08-22T17:25:25.309078
TX_829E17A200,ACC_1001,ACC_1020,361.0,USD,TRANSFER,2026-08-31T11:29:25.309078
TX_C8F1CE79E7,ACC_1020,ACC_1008,7105.93,USD,TRANSFER,2026-08-31T01:31:25.309078
TX_808507C2EE,ACC_1049,ACC_1008,2293.72,USD,TRANSFER,2026-09-11T08:47:25.309078
TX_A76C41FB70,ACC_1000,ACC_1012,256.49,USD,TRANSFER,2026-09-13T03:35:25.309078
TX_05847453B1,ACC_1017,ACC_1042,618.95,USD,TRANSFER,2026-08-26T21:11:25.309078
TX_6E5C66F41A,ACC_1046,ACC_1008,6671.51,USD,TRANSFER,2026-08-30T13:03:25.309078
TX_0F0EBF1091,ACC_1024,ACC_1006,93.48,USD,TRANSFER,2026-09-11T08:05:25.309078
TX_3D62893074,ACC_1017,ACC_1021,8805.66,USD,TRANSFER,2026-09-14T08:05:25.309078
TX_1940E4EA25,ACC_1028,ACC_1021,5568.31,USD,TRANSFER,2026-08-20T00:45:25.309078
TX_D5C3372DF3,ACC_1020,ACC_1047,640.88,USD,TRANSFER,2026-09-06T03:52:25.309078
TX_CEFA5C48C2,ACC_1046,ACC_1022,4980.07,USD,TRANSFER,2026-09-14T12:49:25.309078
TX_1DF113A0E6,ACC_1036,ACC_1022,7124.44,USD,TRANSFER,2026-09-05T00:32:25.309078
TX_66A4C39E26,ACC_1032,ACC_1022,29.42,USD,TRANSFER,2026-08-16T05:51:25.309078
TX_5D226AF3CF,ACC_1007,ACC_1047,420.35,USD,TRANSFER,2026-08-28T18:55:25.309078
TX_D8AFF8A705,ACC_1021,ACC_1000,2231.95,USD,TRANSFER,2026-08-28T20:09:25.309078
TX_B8E2B56568,ACC_1048,ACC_1025,277.44,USD,TRANSFER,2026-09-12T23:35:25.309078
TX_D78A5DD50B,ACC_1023,ACC_1000,8298.68,USD,TRANSFER,2026-08-25T12:29:25.309078
TX_2378D8341A,ACC_1018,ACC_1008,6186.29,USD,TRANSFER,2026-09-14T16:10:25.309078
TX_FD00D4814B,ACC_1007,ACC_1044,425.32,USD,TRANSFER,2026-08-17T06:02:25.309078
TX_34E23C79B3,ACC_1037,ACC_1022,5306.87,USD,TRANSFER,2026-09-01T04:41:25.309078
TX_A31B41789D,ACC_1018,ACC_1026,329.5,USD,TRANSFER,2026-08-18T20:39:25.309078
TX_782E568EF0,ACC_1037,ACC_1041,468.42,USD,TRANSFER,2026-08-27T22:50:25.309078
TX_FF8C59FD7A,ACC_1027,ACC_1008,414.44,USD,TRANSFER,2026-09-07T06:50:25.309078
TX_12FD260F35,ACC_1029,ACC_1036,775.37,USD,TRANSFER,2026-08-19T13:15:25.309078
TX_B42E7866DE,ACC_1017,ACC_1016,247.87,USD,TRANSFER,2026-09-13T07:48:25.309078
TX_DA29BA5AD6,ACC_1000,ACC_1035,179.43,USD,TRANSFER,2026-08-17T16:24:25.309078
TX_E78F7A8F79,ACC_1031,ACC_1048,736.62,USD,TRANSFER,2026-09-14T12:26:25.309078
TX_C575992183,ACC_1017,ACC_1040,337.11,USD,TRANSFER,2026-08-25T02:13:25.309078
TX_8749D7F219,ACC_1026,ACC_1000,4623.47,USD,TRANSFER,2026-08-24T10:33:25.309078
TX_F9FAAAE43B,ACC_1033,ACC_1047,216.36,USD,TRANSFER,2026-08-29T22:52:25.309078
TX_4236E2855F,ACC_1011,ACC_1013,442.13,USD,TRANSFER,2026-09-05T08:33:25.309078
TX_AE33D15DD6,ACC_1046,ACC_1016,223.46,USD,TRANSFER,2026-09-11T04:49:25.309078
TX_CA6D43B55F,ACC_1035,ACC_1004,515.98,USD,TRANSFER,2026-08-27T07:22:25.309078
TX_B0F256BCC3,ACC_1022,ACC_1005,760.63,USD,TRANSFER,2026-08-24T05:06:25.309078
TX_0FA0EFF38D,ACC_1013,ACC_1012,579.44,USD,TRANSFER,2026-09-04T18:56:25.309078
TX_950E9233B4,ACC_1042,ACC_1020,367.62,USD,TRANSFER,2026-08-22T01:22:25.309078
TX_A38181838E,ACC_1030,ACC_1031,275.6,USD,TRANSFER,2026-08-30T18:11:25.309078
TX_3085C59495,ACC_1023,ACC_1020,239.77,USD,TRANSFER,2026-08-26T17:25:25.309078
TX_A6BEC56202,ACC_1049,ACC_1041,364.08,USD,TRANSFER,2026-09-01T23:34:25.309078
TX_9B12BAC417,ACC_1043,ACC_1029,494.19,USD,TRANSFER,2026-08-24T03:43:25.309078
TX_C9A5FDE727,ACC_1007,ACC_1009,792.41,USD,TRANSFER,2026-09-03T08:57:25.309078
TX_7DCAC98AD0,ACC_1041,ACC_1025,187.12,USD,TRANSFER,2026-08-29T10:41:25.309078
TX_331BA238FD,ACC_1002,ACC_1001,659.26,USD,TRANSFER,2026-09-08T07:52:25.309078
TX_647AC4B9F8,ACC_1043,ACC_1045,295.55,USD,TRANSFER,2026-08-19T23:51:25.309078
TX_F2C79897A4,ACC_1047,ACC_1030,652.5,USD,TRANSFER,2026-08-31T10:56:25.309078
TX_48920B4711,ACC_1036,ACC_1030,359.42,USD,TRANSFER,2026-08-25T21:49:25.309078
TX_1B7798AAD4,ACC_1040,ACC_1041,3087.32,USD,TRANSFER,2026-09-07T10:11:25.309078
TX_2092D31C01,ACC_1028,ACC_1014,220.67,USD,TRANSFER,2026-08-17T23:03:25.309078
TX_F13147F623,ACC_1046,ACC_1024,359.47,USD,TRANSFER,2026-09-04T04:20:25.309078
TX_FCB5542652,ACC_1015,ACC_1025,253.45,USD,TRANSFER,2026-09-11T07:29:25.309078
TX_6BB41FDA8D,ACC_1048,ACC_1003,36.01,USD,TRANSFER,2026-08-30T20:24:25.309078
TX_960CA920D6,ACC_1042,ACC_1041,2008.63,USD,TRANSFER,2026-09-13T04:07:25.309078
TX_0327430776,ACC_1045,ACC_1026,738.95,USD,TRANSFER,2026-08-28T19:31:25.309078
TX_8261EE3A31,ACC_1033,ACC_1002,149.37,USD,TRANSFER,2026-08-28T22:26:25.309078
TX_1832A0581E,ACC_1026,ACC_1029,778.65,USD,TRANSFER,2026-09-04T17:57:25.309078
TX_5E6A1E019A,ACC_1010,ACC_1022,5551.25,USD,TRANSFER,2026-09-10T09:11:25.309078
TX_8847D5E83E,ACC_1011,ACC_1023,736.25,USD,TRANSFER,2026-09-12T13:01:25.309078
TX_D0241ADB47,ACC_1045,ACC_1008,7665.32,USD,TRANSFER,2026-08-20T13:18:25.309078
TX_D1DC3D7E26,ACC_1049,ACC_1021,6679.63,USD,TRANSFER,2026-08-26T01:16:25.309078
TX_FB9913FF03,ACC_1028,ACC_1049,791.66,USD,TRANSFER,2026-09-06T17:54:25.309078
TX_FDE9FBE6A3,ACC_1043,ACC_1005,776.75,USD,TRANSFER,2026-08-27T07:46:25.309078
TX_C994C56773,ACC_1030,ACC_1010,197.39,USD,TRANSFER,2026-08-19T17:45:25.309078
TX_5FFC40FC11,ACC_1020,ACC_1042,193.97,USD,TRANSFER,2026-08-24T11:56:25.309078
TX_D46420A25C,ACC_1006,ACC_1037,319.58,USD,TRANSFER,2026-09-01T05:03:25.309078
TX_D25B298B6D,ACC_1022,ACC_1021,695.76,USD,TRANSFER,2026-08-17T12:22:25.309078
TX_888A6E3F0B,ACC_1017,ACC_1000,3193.45,USD,TRANSFER,2026-08-21T03:03:25.309078
TX_30AAB8C297,ACC_1031,ACC_1020,638.8,USD,TRANSFER,2026-08-25T05:12:25.309078
TX_5ED6EB2C0E,ACC_1022,ACC_1034,418.49,USD,TRANSFER,2026-09-04T06:03:25.309078
TX_9A61268807,ACC_1029,ACC_1000,2989.29,USD,TRANSFER,2026-08-26T11:59:25.309078
TX_1AA760A5B2,ACC_1016,ACC_1018,568.38,USD,TRANSFER,2026-09-05T10:47:25.309078
TX_C2A0B52E51,ACC_1029,ACC_1022,5403.6,USD,TRANSFER,2026-09-03T09:04:25.309078
TX_DBE716885F,ACC_1045,ACC_1022,3308.47,USD,TRANSFER,2026-09-01T12:23:25.309078
TX_8EBD64EA46,ACC_1009,ACC_1015,766.81,USD,TRANSFER,2026-09-13T03:57:25.309078
TX_563F2F2808,ACC_1035,ACC_1029,360.24,USD,TRANSFER,2026-08-27T02:23:25.309078
TX_A2915499E6,ACC_1011,ACC_1021,7089.43,USD,TRANSFER,2026-09-07T21:32:25.309078
TX_FF9E37658F,ACC_1027,ACC_1008,6414.58,USD,TRANSFER,2026-09-07T08:54:25.309078
TX_A1B93F09BB,ACC_1044,ACC_1000,652.05,USD,TRANSFER,2026-08-24T02:40:25.309078
TX_E794707C3B,ACC_1043,ACC_1015,404.73,USD,TRANSFER,2026-09-02T04:58:25.309078
TX_9A696C9251,ACC_1026,ACC_1000,8551.13,USD,TRANSFER,2026-08-25T15:32:25.309078
TX_547D1ADF42,ACC_1025,ACC_1041,4557.03,USD,TRANSFER,2026-08-24T05:23:25.309078
TX_F68E44A3DE,ACC_1025,ACC_1049,707.15,USD,TRANSFER,2026-08-31T09:18:25.309078
TX_A187035BAF,ACC_1041,ACC_1038,740.34,USD,TRANSFER,2026-08-29T17:09:25.309078
TX_A992A64C5E,ACC_1042,ACC_1008,8692.75,USD,TRANSFER,2026-08-19T02:22:25.309078
TX_F8E9D48CAE,ACC_1036,ACC_1017,789.87,USD,TRANSFER,2026-08-15T21:22:25.309078
TX_228C039717,ACC_1028,ACC_1029,591.41,USD,TRANSFER,2026-08-25T06:08:25.309078
TX_66C74D3A79,ACC_1021,ACC_1046,287.42,USD,TRANSFER,2026-08-25T05:45:25.309078
TX_99DDFFBE4E,ACC_1023,ACC_1048,610.25,USD,TRANSFER,2026-08-29T07:12:25.309078
TX_07F972A413,ACC_1041,ACC_1036,76.96,USD,TRANSFER,2026-09-05T13:19:25.309078
TX_385F47BDE0,ACC_1048,ACC_1025,31.98,USD,TRANSFER,2026-08-17T22:11:25.309078
TX_E04E86ED72,ACC_1009,ACC_1002,782.39,USD,TRANSFER,2026-09-01T08:47:25.309078
TX_F4F6D13DC1,ACC_1036,ACC_1041,666.57,USD,TRANSFER,2026-09-05T12:06:25.309078
TX_C9B3E679FE,ACC_1043,ACC_1047,502.93,USD,TRANSFER,2026-08-22T20:22:25.309078
TX_D7234A212B,ACC_1048,ACC_1022,8113.67,USD,TRANSFER,2026-08-29T17:42:25.309078
TX_CA624C1EB3,ACC_1001,ACC_1018,675.89,USD,TRANSFER,2026-08-22T08:03:25.309078
TX_52EA402147,ACC_1026,ACC_1013,452.57,USD,TRANSFER,2026-09-05T00:29:25.309078
TX_ECB9E4B5A3,ACC_1032,ACC_1037,226.58,USD,TRANSFER,2026-09-02T20:36:25.309078
TX_C83AAB7F17,ACC_1038,ACC_1023,683.51,USD,TRANSFER,2026-09-06T21:02:25.309078
TX_3A6003F304,ACC_1016,ACC_1040,796.27,USD,TRANSFER,2026-08-24T09:18:25.309078
TX_DFAA9306C0,ACC_1025,ACC_1030,783.16,USD,TRANSFER,2026-08-23T10:16:25.309078
TX_39D5523E09,ACC_1024,ACC_1022,5681.21,USD,TRANSFER,2026-09-05T00:48:25.309078
TX_60FA6426BC,ACC_1038,ACC_1000,4683.43,USD,TRANSFER,2026-08-30T18:40:25.309078
TX_C82CBB4679,ACC_1038,ACC_1041,6508.43,USD,TRANSFER,2026-09-04T23:30:25.309078
TX_29A396E03E,ACC_1004,ACC_1039,111.86,USD,TRANSFER,2026-09-05T19:00:25.309078
TX_251E92E640,ACC_1004,ACC_1002,634.07,USD,TRANSFER,2026-08-24T16:18:25.309078
TX_A8F6679537,ACC_1044,ACC_1010,509.44,USD,TRANSFER,2026-08-17T13:29:25.309078
TX_4D27DB4D42,ACC_1041,ACC_1021,7361.75,USD,TRANSFER,2026-08-22T21:21:25.309078
TX_E3B0EB335B,ACC_1038,ACC_1008,8702.05,USD,TRANSFER,2026-09-11T08:18:25.309078
TX_3041BAE64C,ACC_1031,ACC_1046,282.43,USD,TRANSFER,2026-09-03T08:08:25.309078
TX_2080054C2B,ACC_1032,ACC_1021,9274.72,USD,TRANSFER,2026-08-31T00:37:25.309078
TX_3F90C1493F,ACC_1010,ACC_1022,180.84,USD,TRANSFER,2026-08-19T22:03:25.309078
TX_11732143E9,ACC_1007,ACC_1013,26.63,USD,TRANSFER,2026-08-19T15:42:25.309078
TX_67D06AE10B,ACC_1039,ACC_1022,3873.81,USD,TRANSFER,2026-08-16T00:34:25.309078
TX_AAD25631DD,ACC_1045,ACC_1036,36.44,USD,TRANSFER,2026-08-22T03:58:25.309078
TX_80AFB2EF32,ACC_1018,ACC_1020,286.41,USD,TRANSFER,2026-09-05T08:10:25.309078
TX_B3E34E3800,ACC_1034,ACC_1016,205.63,USD,TRANSFER,2026-09-08T17:12:25.309078
TX_EC08A1B4CE,ACC_1014,ACC_1037,566.33,USD,TRANSFER,2026-08-26T09:41:25.309078
TX_A80B399E34,ACC_1049,ACC_1034,78.03,USD,TRANSFER,2026-08-27T07:57:25.309078
TX_30E4F02E59,ACC_1001,ACC_1041,3937.72,USD,TRANSFER,2026-09-14T02:49:25.309078
TX_F73F824FCD,ACC_1029,ACC_1019,135.43,USD,TRANSFER,2026-09-02T18:26:25.309078
TX_A711F2AE0D,ACC_1017,ACC_1026,555.3,USD,TRANSFER,2026-09-09T04:16:25.309078
TX_D9FEFADC60,ACC_1012,ACC_1007,79.59,USD,TRANSFER,2026-09-07T22:19:25.309078
TX_D3294D340D,ACC_1041,ACC_1043,131.87,USD,TRANSFER,2026-08-31T03:41:25.309078
TX_DCB744FA02,ACC_1044,ACC_1008,663.06,USD,TRANSFER,2026-09-04T03:37:25.309078
TX_7C849F8C71,ACC_1039,ACC_1013,662.75,USD,TRANSFER,2026-09-13T07:15:25.309078
TX_CB9D39E811,ACC_1024,ACC_1002,475.99,USD,TRANSFER,2026-09-05T03:30:25.309078
TX_CB558536C1,ACC_1048,ACC_1010,686.88,USD,TRANSFER,2026-08-20T01:54:25.309078
TX_EF62FC8F67,ACC_1044,ACC_1048,175.32,USD,TRANSFER,2026-08-19T22:51:25.309078
TX_5688415DA4,ACC_1032,ACC_1041,4680.53,USD,TRANSFER,2026-08-22T09:05:25.309078
TX_B9748DA224,ACC_1016,ACC_1000,6070.85,USD,TRANSFER,2026-08-17T16:54:25.309078
TX_D4A80AB26A,ACC_1041,ACC_1008,3084.22,USD,TRANSFER,2026-09-12T19:05:25.309078
TX_26BA9BD3B7,ACC_1040,ACC_1021,2545.53,USD,TRANSFER,2026-08-27T10:26:25.309078
TX_7348FD77B3,ACC_1045,ACC_1000,4785.58,USD,TRANSFER,2026-08-16T03:54:25.309078
TX_F05F68E698,ACC_1034,ACC_1041,520.24,USD,TRANSFER,2026-08-17T11:57:25.309078
TX_F626069117,ACC_1044,ACC_1008,3388.72,USD,TRANSFER,2026-08-16T02:11:25.309078
TX_98425CB8FA,ACC_1037,ACC_1021,8026.74,USD,TRANSFER,2026-09-09T07:27:25.309078
TX_99DE64A132,ACC_1046,ACC_1004,440.69,USD,TRANSFER,2026-08-23T11:03:25.309078
TX_13F18DDF0E,ACC_1022,ACC_1032,321.72,USD,TRANSFER,2026-08-24T07:53:25.309078
TX_6465457EDA,ACC_1035,ACC_1013,10.01,USD,TRANSFER,2026-08-16T11:52:25.309078
TX_A995DA7BCE,ACC_1021,ACC_1029,316.21,USD,TRANSFER,2026-09-12T15:18:25.309078
TX_A6985CDE87,ACC_1035,ACC_1008,2666.12,USD,TRANSFER,2026-09-07T05:15:25.309078
TX_550E77BE23,ACC_1015,ACC_1000,8830.6,USD,TRANSFER,2026-09-09T04:07:25.309078
TX_16223071F0,ACC_1041,ACC_1022,2825.57,USD,TRANSFER,2026-09-09T09:52:25.309078
TX_31CDF0083F,ACC_1022,ACC_1039,201.28,USD,TRANSFER,2026-09-07T12:48:25.309078
TX_E6CA3D0487,ACC_1021,ACC_1008,2163.3,USD,TRANSFER,2026-08-29T16:34:25.309078
TX_838E791CEA,ACC_1002,ACC_1017,745.02,USD,TRANSFER,2026-08-28T03:37:25.309078
TX_8365C5A991,ACC_1046,ACC_1026,365.91,USD,TRANSFER,2026-09-10T23:21:25.309078
TX_B6BDEAC99F,ACC_1049,ACC_1020,727.07,USD,TRANSFER,2026-09-10T12:04:25.309078
TX_D6A7C4CC71,ACC_1012,ACC_1000,730.49,USD,TRANSFER,2026-08-24T17:37:25.309078
TX_7CCA939CDF,ACC_1015,ACC_1031,689.03,USD,TRANSFER,2026-08-24T07:35:25.309078
TX_2BF377F291,ACC_1001,ACC_1015,359.88,USD,TRANSFER,2026-08-17T00:46:25.309078
TX_ADCA16BC62,ACC_1042,ACC_1045,741.22,USD,TRANSFER,2026-08-20T14:15:25.309078
TX_D72B02457E,ACC_1045,ACC_1033,716.68,USD,TRANSFER,2026-09-08T19:17:25.309078
TX_A6FD890C0A,ACC_1033,ACC_1019,243.83,USD,TRANSFER,2026-09-07T00:08:25.309078
TX_AC9153ABB5,ACC_1003,ACC_1017,560.01,USD,TRANSFER,2026-09-01T18:28:25.309078
TX_C408F5040E,ACC_1016,ACC_1008,5360.87,USD,TRANSFER,2026-09-06T15:15:25.309078
TX_C68B0387ED,ACC_1009,ACC_1004,167.78,USD,TRANSFER,2026-09-13T08:24:25.309078
TX_8DF8663628,ACC_1024,ACC_1040,111.67,USD,TRANSFER,2026-08-18T20:51:25.309078
TX_4DAC82750C,ACC_1034,ACC_1008,6837.25,USD,TRANSFER,2026-08-24T02:44:25.309078
TX_42D0A4B39F,ACC_1045,ACC_1022,5102.78,USD,TRANSFER,2026-08-30T21:37:25.309078
TX_EED246CF2C,ACC_1010,ACC_1028,230.76,USD,TRANSFER,2026-08-20T02:55:25.309078
TX_2116F470D6,ACC_1029,ACC_1041,2917.87,USD,TRANSFER,2026-08-23T01:40:25.309078
TX_EA18288D0A,ACC_1044,ACC_1034,247.49,USD,TRANSFER,2026-08-26T00:49:25.309078
TX_E3B9EF16DA,ACC_1027,ACC_1024,716.42,USD,TRANSFER,2026-09-05T16:02:25.309078
TX_D883168235,ACC_1046,ACC_1041,2292.89,USD,TRANSFER,2026-08-24T20:54:25.309078
TX_2F57928199,ACC_1048,ACC_1021,8219.88,USD,TRANSFER,2026-09-06T02:53:25.309078
TX_BD76991CEA,ACC_1017,ACC_1015,322.1,USD,TRANSFER,2026-08-25T08:06:25.309078
TX_0FFE6E9B3B,ACC_1039,ACC_1033,748.11,USD,TRANSFER,2026-08-23T02:49:25.309078
TX_3655C5041F,ACC_1043,ACC_1013,535.8,USD,TRANSFER,2026-09-01T08:54:25.309078
TX_6A180289D6,ACC_1032,ACC_1011,393.52,USD,TRANSFER,2026-08-21T19:03:25.309078
TX_E6332A3AC2,ACC_1024,ACC_1010,201.58,USD,TRANSFER,2026-08-19T18:19:25.309078
TX_59D38805C0,ACC_1030,ACC_1019,91.47,USD,TRANSFER,2026-08-30T20:14:25.309078
TX_ACCF83DF83,ACC_1025,ACC_1032,382.62,USD,TRANSFER,2026-09-05T11:46:25.309078
TX_D771C3681B,ACC_1044,ACC_1026,47.59,USD,TRANSFER,2026-08-25T12:05:25.309078
TX_9B31808989,ACC_1044,ACC_1010,774.29,USD,TRANSFER,2026-08-25T00:15:25.309078
TX_CA628195EA,ACC_1026,ACC_1008,4662.91,USD,TRANSFER,2026-08-25T09:46:25.309078
TX_7CCE139BB2,ACC_1047,ACC_1045,374.16,USD,TRANSFER,2026-08-23T21:33:25.309078
TX_9F0BE1D5F7,ACC_1045,ACC_1018,552.47,USD,TRANSFER,2026-09-09T06:08:25.309078
TX_DC61D8A976,ACC_1025,ACC_1008,4940.18,USD,TRANSFER,2026-08-26T11:09:25.309078
TX_BFA3AAB63A,ACC_1005,ACC_1016,440.22,USD,TRANSFER,2026-08-23T08:45:25.309078
TX_FC0C682FAA,ACC_1002,ACC_1020,502.93,USD,TRANSFER,2026-09-01T09:31:25.309078
TX_68C0756EA6,ACC_1043,ACC_1046,666.91,USD,TRANSFER,2026-09-01T12:20:25.309078
TX_2994FDD6D2,ACC_1014,ACC_1033,546.1,USD,TRANSFER,2026-08-31T01:57:25.309078
TX_3203CC112F,ACC_1044,ACC_1003,384.4,USD,TRANSFER,2026-08-21T08:02:25.309078
TX_2B95694F97,ACC_1028,ACC_1025,729.28,USD,TRANSFER,2026-08-19T15:37:25.309078
TX_10C57775F0,ACC_1003,ACC_1041,736.47,USD,TRANSFER,2026-09-05T15:09:25.309078
TX_F550DEBB36,ACC_1009,ACC_1027,564.52,USD,TRANSFER,2026-08-20T15:13:25.309078
TX_CB1110E49A,ACC_1025,ACC_1000,2116.12,USD,TRANSFER,2026-08-21T22:46:25.309078
TX_6B2CAA3E7A,ACC_1010,ACC_1043,203.94,USD,TRANSFER,2026-09-13T22:10:25.309078
TX_13AA590BBD,ACC_1030,ACC_1024,37.66,USD,TRANSFER,2026-08-20T02:09:25.309078
TX_4A6E3365D5,ACC_1019,ACC_1008,8510.78,USD,TRANSFER,2026-08-31T23:32:25.309078
TX_2C1AE08D76,ACC_1035,ACC_1008,2656.3,USD,TRANSFER,2026-08-26T08:11:25.309078
TX_0C6145AA51,ACC_1008,ACC_1019,168.44,USD,TRANSFER,2026-08-29T02:38:25.309078
TX_A72F1D50BD,ACC_1031,ACC_1046,590.18,USD,TRANSFER,2026-08-27T16:58:25.309078
TX_C4D9598024,ACC_1004,ACC_1007,110.9,USD,TRANSFER,2026-08-24T07:57:25.309078
TX_51FE48FABD,ACC_1008,ACC_1011,573.47,USD,TRANSFER,2026-09-02T12:57:25.309078
TX_CD5849725F,ACC_1009,ACC_1041,8198.35,USD,TRANSFER,2026-09-10T18:24:25.309078
TX_E9B836DFBF,ACC_1031,ACC_1023,738.87,USD,TRANSFER,2026-09-07T19:11:25.309078
TX_7351E5F7C8,ACC_1026,ACC_1015,234.37,USD,TRANSFER,2026-08-25T16:39:25.309078
TX_5507A70CF7,ACC_1011,ACC_1022,5591.64,USD,TRANSFER,2026-09-01T16:54:25.309078
TX_D8CC3A3A36,ACC_1031,ACC_1027,168.19,USD,TRANSFER,2026-08-25T06:00:25.309078
TX_EF4FF10C20,ACC_1015,ACC_1000,7510.95,USD,TRANSFER,2026-09-01T16:45:25.309078
TX_45C1EBBF6A,ACC_1034,ACC_1027,427.74,USD,TRANSFER,2026-08-18T23:34:25.309078
TX_C6AAF6C514,ACC_1029,ACC_1035,769.69,USD,TRANSFER,2026-08-28T01:48:25.309078
TX_5540C8D212,ACC_1012,ACC_1008,7055.99,USD,TRANSFER,2026-08-16T08:24:25.309078
TX_71EEA186A4,ACC_1009,ACC_1040,156.04,USD,TRANSFER,2026-08-25T23:05:25.309078
TX_FFE7181AB9,ACC_1004,ACC_1048,425.27,USD,TRANSFER,2026-08-19T14:20:25.309078
TX_84E0F1920B,ACC_1029,ACC_1021,6645.3,USD,TRANSFER,2026-09-13T01:24:25.309078
TX_65DCC0267A,ACC_1008,ACC_1022,2771.8,USD,TRANSFER,2026-09-01T06:28:25.309078
